AnalogInputType,1,ObjectType
AnalogInputType_Output,2,Variable
AnalogInputType_HighLimt,3,Variable
AnalogInputType_LowLimit,4,Variable
AnalogInputType_HighLimtAlarm,5,Variable
AnalogInputType_LowLimitAlarm,6,Variable
AnalogOutputType,7,ObjectType
AnalogOutputType_Input,8,Variable
ValveType,9,ObjectType
ValveType_Input,10,Variable
SensorType,11,Unspecified
SensorType_Output,12,Unspecified
SensorType_HighLimt,13,Unspecified
SensorType_LowLimit,14,Unspecified
SensorType_HighLimtAlarm,15,Unspecified
SensorType_LowLimitAlarm,16,Unspecified
Tank,17,Unspecified
Tank_LevelMeter,18,Unspecified
Tank_LevelMeter_Output,19,Unspecified
Tank_LevelMeter_HighLimt,20,Unspecified
Tank_LevelMeter_LowLimit,21,Unspecified
Tank_LevelMeter_HighLimtAlarm,22,Unspecified
Tank_LevelMeter_LowLimitAlarm,23,Unspecified
Tank_InputPpe,24,Unspecified
Tank_InputPpe_FillValve,25,Unspecified
Tank_InputPpe_FillValve_Input,26,Unspecified
Tank_OutputPipe,27,Unspecified
Tank_OutputPipe_DischargeValve,28,Unspecified
Tank_OutputPipe_DischargeValve_Input,29,Unspecified
Tank_OutputPipe_FlowMeter,30,Unspecified
Tank_OutputPipe_FlowMeter_Input,31,Unspecified
DigitalType,32,ObjectType
DigitalType_Value,33,Variable
Plant_1,34,Unspecified
Plant_1_Tank,35,Unspecified
Plant_1_Tank_LevelMeter,36,Unspecified
Plant_1_Tank_LevelMeter_Output,37,Unspecified
Plant_1_Tank_LevelMeter_HighLimt,38,Unspecified
Plant_1_Tank_LevelMeter_LowLimit,39,Unspecified
Plant_1_Tank_LevelMeter_HighLimtAlarm,40,Unspecified
Plant_1_Tank_LevelMeter_LowLimitAlarm,41,Unspecified
Plant_1_Tank_InputPipe,42,Unspecified
Plant_1_Tank_InputPipe_FillValve,43,Unspecified
Plant_1_Tank_InputPipe_FillValve_Input,44,Unspecified
Plant_1_Tank_OutputPipe,45,Unspecified
Plant_1_Tank_OutputPipe_DischargeValve,46,Unspecified
Plant_1_Tank_OutputPipe_DischargeValve_Input,47,Unspecified
Plant_1_Tank_OutputPipe_FlowMeter,48,Unspecified
Plant_1_Tank_OutputPipe_FlowMeter_Input,49,Unspecified
Plant1,50,Object
Plant1_Tank1,51,Object
Plant1_Tank1_LevelMeter,52,Unspecified
Plant1_Tank1_LevelMeter_Output,53,Unspecified
Plant1_Tank1_LevelMeter_HighLimt,54,Unspecified
Plant1_Tank1_LevelMeter_LowLimit,55,Unspecified
Plant1_Tank1_LevelMeter_HighLimtAlarm,56,Unspecified
Plant1_Tank1_LevelMeter_LowLimitAlarm,57,Unspecified
Plant1_Tank1_InputPipe,58,Unspecified
Plant1_Tank1_InputPipe_FillValve,59,Unspecified
Plant1_Tank1_InputPipe_FillValve_Input,60,Unspecified
Plant1_Tank1_OutputPipe,61,Unspecified
Plant1_Tank1_OutputPipe_DischargeValve,62,Unspecified
Plant1_Tank1_OutputPipe_DischargeValve_Input,63,Unspecified
Plant1_Tank1_OutputPipe_FlowMeter,64,Unspecified
Plant1_Tank1_OutputPipe_FlowMeter_Input,65,Unspecified
ButtonType,66,ObjectType
ButtonType_Value,67,Variable
Plant1_Tank1_OperationDevice,68,Object
Plant1_Tank1_OperationDevice_LevelMeter,69,Object
Plant1_Tank1_OperationDevice_LevelMeter_Output,70,Variable
Plant1_Tank1_OperationDevice_LevelMeter_HighLimt,71,Variable
Plant1_Tank1_OperationDevice_LevelMeter_LowLimit,72,Variable
Plant1_Tank1_OperationDevice_LevelMeter_HighLimtAlarm,73,Variable
Plant1_Tank1_OperationDevice_LevelMeter_LowLimitAlarm,74,Variable
Plant1_Tank1_OperationDevice_InputPipe,75,Object
Plant1_Tank1_OperationDevice_InputPipe_FillValve,76,Object
Plant1_Tank1_OperationDevice_InputPipe_FillValve_Input,77,Variable
Plant1_Tank1_OperationDevice_OutputPipe,78,Object
Plant1_Tank1_OperationDevice_OutputPipe_DischargeValve,79,Object
Plant1_Tank1_OperationDevice_OutputPipe_DischargeValve_Input,80,Variable
Plant1_Tank1_OperationDevice_OutputPipe_FlowMeter,81,Object
Plant1_Tank1_OperationDevice_OutputPipe_FlowMeter_Input,82,Unspecified
Plant1_Tank1_OperationButton,83,Object
Plant1_Tank1_OperationButton_StartButton,84,Object
Plant1_Tank1_OperationButton_StartButton_Value,85,Variable
Plant1_Tank1_OperationButton_StopButton,86,Object
Plant1_Tank1_OperationButton_StopButton_Value,87,Variable
Plant1_Tank1_OperationButton_ResetButton,88,Object
Plant1_Tank1_OperationButton_ResetButton_Value,89,Variable
Plant1_Tank1_OperationButton_modeButton,90,Object
Plant1_Tank1_OperationButton_modeButton_Value,91,Variable
GenericControllerType,92,ObjectType
GenericControllerType_SetPoint,93,Variable
GenericControllerType_Ki,94,Variable
GenericControllerType_Kp,95,Variable
GenericControllerType_Kd,96,Variable
Plant1_Tank1_LevelController,97,Object
Plant1_Tank1_LevelController_SetPoint,98,Variable
Plant1_Tank1_LevelController_Ki,99,Variable
Plant1_Tank1_LevelController_Kp,100,Variable
Plant1_Tank1_LevelController_Kd,101,Variable
AnalogSensorType,102,ObjectType
AnalogSensorType_Output,103,Variable
AnalogSensorType_HighLimt,104,Variable
AnalogSensorType_LowLimit,105,Variable
AnalogSensorType_HighLimtAlarm,106,Variable
AnalogSensorType_LowLimitAlarm,107,Variable
Plant1_Tank1_OperationDevice_OutputPipe_FlowMeter_Output,108,Variable
Plant1_Tank1_OperationDevice_OutputPipe_FlowMeter_HighLimt,109,Variable
Plant1_Tank1_OperationDevice_OutputPipe_FlowMeter_LowLimit,110,Variable
Plant1_Tank1_OperationDevice_OutputPipe_FlowMeter_HighLimtAlarm,111,Variable
Plant1_Tank1_OperationDevice_OutputPipe_FlowMeter_LowLimitAlarm,112,Variable
